bucket,bets,sides,windows,avg_price,breakeven,win_rate,wilson_lo,wilson_hi,edge,edge_se,t,roi_per_$,fee_per_$,win_$/loss_$
0.00-0.05,999,999,640,0.029013458947047047,0.030975054839111213,0.03403403403403404,0.024455757489083275,0.04718227587530847,0.0030589791949228225,0.00716680336572697,0.4268261648633265,0.0987562156325983,0.0633282459789973,31.284042924028398
0.05-0.10,2099,2099,1276,0.07127036510543117,0.0758896288710366,0.07432110528823249,0.06386095921124994,0.08633656398783458,-0.001568523582804107,0.0069220828813074805,-0.2265970531846385,-0.02066848403580403,0.06086818231059222,12.177031102620816
0.10-0.15,2253,2253,1467,0.12082371977394585,0.128243934373424,0.11096316023080337,0.0986499672086866,0.12460079172805047,-0.017280774142620605,0.007943519572375194,-2.1754556006530334,-0.13474925131587134,0.05786016029320942,6.797639747141368
0.15-0.20,1994,1994,1437,0.17167287918761284,0.18161349564505314,0.1765295887662989,0.1604210929235557,0.19388207105100572,-0.005083906878754232,0.009719777637655524,-0.5230476527630219,-0.02799300162522208,0.05473500976418797,4.506198735111668
0.20-0.25,2317,2317,1580,0.21993502213323263,0.23193029968427836,0.21191195511437202,0.1957555717056622,0.2290220606842432,-0.020018344569906327,0.009527368265216262,-2.1011410509859125,-0.08631189886425737,0.05171932070701691,3.311640183974574
0.25-0.30,1961,1961,1405,0.27121932645328917,0.28503919191649096,0.2707802141764406,0.2515747410775183,0.29088201472406894,-0.014258977740050414,0.01081013778005171,-1.3190375580931963,-0.05002462168159622,0.04848408869770672,2.5082894856542177
0.30-0.35,1930,1930,1357,0.32184925244191714,0.33711229712526847,0.34404145077720205,0.32317566591021346,0.3655268627767276,0.006929153651933613,0.011513531333988442,0.6018269678459512,0.020554437530229758,0.045275846694134946,1.9663705789658787
0.35-0.40,1568,1568,1130,0.37155528342270405,0.3878869746880738,0.3877551020408163,0.36394029563228014,0.4121185642426588,-0.00013187264725752015,0.01282222854208131,-0.010284690124242202,-0.00033997699294633553,0.04210425286516306,1.5780705856497703
0.40-0.45,1637,1637,1125,0.4219355288996335,0.43899189187242266,0.4434941967012828,0.41958794734758753,0.4676650330741666,0.004502304828860128,0.012352329887079109,0.3644903325946361,0.01025600907947656,0.03885348064183836,1.2779464006378831
0.45-0.50,1527,1527,1038,0.4714992951031434,0.4889282793952814,0.481335952848723,0.45635290049500354,0.5064126789091621,-0.007592326546558403,0.011969609702407995,-0.6343002600185877,-0.015528507690225589,0.03564732298506963,1.0452897534109191
0.50-0.55,1756,1756,1101,0.5208975450758542,0.5383507596695498,0.5301822323462415,0.5067979698961909,0.5534347237735122,-0.008168527323308408,0.010842230785038124,-0.7533991376184938,-0.015173243794291861,0.032419782604948426,0.8575250095566308
0.55-0.60,1588,1588,1151,0.5724610856,0.5895780618148299,0.5698992443324937,0.545408474836819,0.5940526373743459,-0.019678817482336162,0.012011986116130703,-1.63826508722898,-0.03337779805062811,0.029032586731841205,0.6961282394426547
0.60-0.65,1770,1770,1229,0.6233118348338418,0.6397316024770453,0.6231638418079096,0.6003439965695323,0.6454502163973979,-0.016567760669135685,0.011995824361931104,-1.3811273130768469,-0.025897986913551233,0.025666650794842812,0.5631555423055433
0.65-0.70,1836,1836,1298,0.6728320860678649,0.6882263711235074,0.6884531590413944,0.6668936190622468,0.7092257164283737,0.00022678791788697638,0.011551903680879282,0.01963208178945916,0.0003295251786367482,0.02236805461335602,0.453010291319602
0.70-0.75,1921,1921,1350,0.7214434819466423,0.7354968877363004,0.724102030192608,0.7036818442256887,0.7436276902315881,-0.011394857543692332,0.010963120379382992,-1.039380865061124,-0.015492733869701748,0.01910736268770818,0.3596250598391826
0.75-0.80,2226,2226,1543,0.7694023996698113,0.7818079189555054,0.7672955974842768,0.7492901380057297,0.7843800563255627,-0.014512321471228742,0.010418867164594272,-1.3928886165805987,-0.018562515317850775,0.015867732962167834,0.2790865579054239
0.80-0.85,2157,2157,1480,0.8214486246244321,0.8316983138144399,0.8219749652294854,0.8052631358144114,0.8375419638282463,-0.00972334858495459,0.009797081324786064,-0.9924740096170342,-0.011690956231905827,0.012323806625264604,0.20235905663157305
0.85-0.90,2238,2238,1471,0.8715285824352547,0.8793530862413123,0.8798033958891868,0.8656753732238761,0.8926297630533703,0.0004503096478745607,0.008017854319321971,0.05616336116127402,0.0005120919627396859,0.008898022794805305,0.1371996250952826
0.90-0.95,2317,2317,1380,0.9179116481715148,0.9231701344478243,0.9240397065170479,0.912536142731957,0.9341394770087438,0.000869572069223607,0.006725830740208403,0.12928842589289766,0.0009419412920499043,0.0056961182777589365,0.08322395047813153
0.95-1.00,2101,2101,1063,0.9733027659524035,0.9751023294400518,0.9781056639695384,0.9709206566799888,0.9835454656163398,0.003003334529486481,0.004716224938277537,0.6368090090680367,0.0030800198490051663,0.001845512448608041,0.02553339255608748
