series,slug,min_left,up_bid,up_ask,down_bid,down_ask,fav_price,both_sides_cost,one_side_cost,fee_rate,fee_exp
btc-up-or-down-5m,btc-updown-5m-1791484500,5.11,0.37,0.38,0.61,0.63,0.63,0.04239,0.04177,0.07,1
btc-up-or-down-5m,btc-updown-5m-1791484800,10.11,0.5,0.51,0.49,0.5,0.51,0.04455,0.0441,0.07,1
btc-up-or-down-5m,btc-updown-5m-1791485100,15.11,0.5,0.51,0.49,0.5,0.51,0.04455,0.0441,0.07,1
eth-up-or-down-5m,eth-updown-5m-1791484500,5.11,0.38,0.42,0.58,0.61,0.61,0.06185,0.05189,0.07,1
eth-up-or-down-5m,eth-updown-5m-1791484800,10.11,0.49,0.5,0.5,0.51,0.51,0.04455,0.0441,0.07,1
eth-up-or-down-5m,eth-updown-5m-1791485100,15.11,0.5,0.51,0.49,0.5,0.51,0.04455,0.0441,0.07,1
sol-up-or-down-5m,sol-updown-5m-1791484500,5.11,0.36,0.38,0.61,0.64,0.64,0.05159,0.04864,0.07,1
sol-up-or-down-5m,sol-updown-5m-1791484800,10.11,0.49,0.5,0.5,0.51,0.51,0.04455,0.0441,0.07,1
sol-up-or-down-5m,sol-updown-5m-1791485100,15.11,0.5,0.51,0.49,0.5,0.51,0.04455,0.0441,0.07,1
xrp-up-or-down-5m,xrp-updown-5m-1791484500,5.11,0.48,0.49,0.51,0.52,0.52,0.04452,0.04322,0.07,1
xrp-up-or-down-5m,xrp-updown-5m-1791484800,10.11,0.48,0.49,0.51,0.52,0.52,0.04452,0.04322,0.07,1
xrp-up-or-down-5m,xrp-updown-5m-1791485100,15.11,0.5,0.51,0.49,0.5,0.51,0.04455,0.0441,0.07,1
doge-up-or-down-5m,doge-updown-5m-1791484500,5.11,0.4,0.44,0.56,0.6,0.6,0.0712,0.06133,0.07,1
doge-up-or-down-5m,doge-updown-5m-1791484800,10.11,0.48,0.52,0.48,0.52,0.52,0.07206,0.07206,0.07,1
doge-up-or-down-5m,doge-updown-5m-1791485100,15.11,0.48,0.52,0.48,0.52,0.52,0.07206,0.07206,0.07,1
bnb-up-or-down-5m,bnb-updown-5m-1791484500,5.11,0.4,0.43,0.57,0.6,0.6,0.06209,0.053,0.07,1
bnb-up-or-down-5m,bnb-updown-5m-1791484800,10.11,0.46,0.53,0.47,0.54,0.54,0.09797,0.09701,0.07,1
bnb-up-or-down-5m,bnb-updown-5m-1791485100,15.11,0.5,0.51,0.49,0.5,0.51,0.04455,0.0441,0.07,1
hype-up-or-down-5m,hype-updown-5m-1791484500,5.11,0.5,0.56,0.44,0.5,0.56,0.08938,0.08437,0.07,1
hype-up-or-down-5m,hype-updown-5m-1791484800,10.11,0.42,0.51,0.49,0.5,0.51,0.04455,0.12254,0.07,1
hype-up-or-down-5m,hype-updown-5m-1791485100,15.11,0.5,0.51,0.49,0.5,0.51,0.04455,0.0441,0.07,1
btc-up-or-down-15m,btc-updown-15m-1791484200,10.11,0.59,0.6,0.4,0.41,0.6,0.0433,0.03633,0.07,1
eth-up-or-down-15m,eth-updown-15m-1791484200,10.11,0.69,0.7,0.31,0.32,0.7,0.04895,0.02814,0.07,1
sol-up-or-down-15m,sol-updown-15m-1791484200,10.11,0.46,0.51,0.52,0.53,0.53,0.07205,0.04233,0.07,1
xrp-up-or-down-15m,xrp-updown-15m-1791484200,10.11,0.75,0.76,0.24,0.25,0.76,0.03554,0.02338,0.07,1
doge-up-or-down-15m,doge-updown-15m-1791484200,10.11,0.55,0.58,0.43,0.45,0.58,0.0625,0.05526,0.07,1
bnb-up-or-down-15m,bnb-updown-15m-1791484200,10.11,0.49,0.5,0.5,0.51,0.51,0.04455,0.0441,0.07,1
hype-up-or-down-15m,hype-updown-15m-1791484200,10.11,0.72,0.75,0.25,0.28,0.75,0.05557,0.0375,0.07,1
